epoch,steps,Accuracy
0,-1,0.4807692307692308
1,-1,0.44871794871794873
2,-1,0.44871794871794873
3,-1,0.4551282051282051
4,-1,0.44871794871794873
